id,uuid,residence,first_name,last_name,nickname,birthdate,gender,birthplace,intake_date,discharge_date,photo,priority,is_active,last_saved
1,8dd40651-b723-48ad-a263-403cae4a66c9,1,Abby,Adams,,01/01/2001,f,Allantown,26/01/2014,,photos/me.png,3,1,2006-10-25 19:30:59
2,6bf1e00b-5ca8-44ec-9610-bdedd878d07f,1,Betty,Burns,,02/02/2002,f,Bismark,26/01/2014,,photos/me.png,3,1,2006-10-25 19:30:59
3,7742489b-31b6-4187-88a9-bedaab146024,1,Charlie,Card,,03/03/2003,m,Centerville,26/01/2014,,photos/me.png,3,1,2006-10-25 19:30:59
4,b9e2b60f-8124-419d-8302-81fb094dcd08,1,Dave,Daniels,,04/04/2004,m,Davenport,26/01/2014,,photos/me.png,3,1,2006-10-25 19:30:59
5,1572b7ea-d087-4ac7-8579-2452df655e85,1,Eddie,Edwards,,05/05/2005,m,Eagle Creek,26/01/2014,,photos/me.png,3,1,2006-10-25 19:30:59
6,bc58eaef-89d7-4580-8387-e8496d094e6d,1,Fred,Flinstone,,06/06/2006,m,Flint,26/01/2014,,photos/me.png,3,1,2006-10-25 19:30:59
7,54b10536-ad13-4054-9fc2-da7a52894205,1,Gary,Gains,,07/07/2007,m,Home,26/01/2010,,photos/me.png,3,0,2006-10-25 19:30:59
8,233abdc5-f266-451a-a46a-ae9092c84b10,1,Henry,Higgins,,08/08/2008,m,Home,26/01/2011,,photos/me.png,3,1,2006-10-25 19:30:59
9,e75e1e3b-2f7f-4a6a-b9e2-4a0a5248702a,1,Ingrid,Immel,,09/09/2009,f,Indio,26/01/2014,,photos/me.png,3,1,2006-10-25 19:30:59
10,b912885a-dd86-42da-8064-2a0867586b6f,1,Jerry,Jones,,10/10/2010,m,Jersey,26/01/2014,,photos/me.png,3,0,2006-10-25 19:30:59
11,ccc12823-a69f-4cdc-9ced-6df95f36a1a7,1,Kevin,Kurry,,11/11/2011,m,Home,26/01/2014,,photos/me.png,3,0,2006-10-25 19:30:59
